1;1;;;;;;Xsocket error
1;1;;;;;;Xsocket error
1;1;;;;;;Xsocket error
1;1;;;;;;Xsocket error
1;1;;;;;;Xsocket error
1;1;;;;;;Xsocket error
1;1;;;;;;Xsocket error
1;1;;;;;;Xsocket error
1;1;;;;;;Xsocket error
1;1;;;;;;Xsocket error
1;1;;;;;;Xsocket error
1;1;;;;;;Xsocket error
1;1;;;;;;Xsocket error
1;1;;;;;;Xsocket error
1;1;;;;;;Xsocket error
1;1;;;;;;Xsocket error
1;1;;;;;;Xsocket error
1;1;;;;;;Xsocket error
1;1;;;;;;Xsocket error
1;1;;;;;;Xsocket error
1;1;;;;;;Xsocket error
1;1;;;;;;Xsocket error
1;1;;;;;;Xsocket error
1;1;;;;;;Xsocket error
1;1;;;;;;Xsocket error
1;1;;;;;;Xsocket error
1;1;;;;;;Xsocket error
1;1;;;;;;Xsocket error
1;1;;;;;;Xsocket error
1;1;;;;;;Xsocket error
1;1;;;;;;Xsocket error
1;1;;;;;;Xsocket error
1;1;;;;;;Xsocket error
1;1;;;;;;Xsocket error
1;1;;;;;;Xsocket error
1;1;;;;;;Xsocket error
1;1;;;;;;Xsocket error
1;1;;;;;;Xsocket error
1;1;;;;;;Xsocket error
1;1;;;;;;Xsocket error
1;1;;;;;;Xsocket error
1;1;;;;;;Xsocket error
1;1;;;;;;Xsocket error
1;1;;;;;;Xsocket error
1;1;;;;;;Xsocket error
1;1;;;;;;Xsocket error
1;1;;;;;;Xsocket error
1;1;;;;;;Xsocket error
1;1;;;;;;Xsocket error
1;1;;;;;;Xsocket error
1;1;;;;;;Xsocket error
1;1;;;;;;Xsocket error
1;1;;;;;;Xsocket error
1;1;;;;;;Xsocket error
1;1;;;;;;Xsocket error
1;1;;;;;;Xsocket error
1;1;;;;;;Xsocket error
1;1;;;;;;Xsocket error
1;1;;;;;;Xsocket error
1;1;;;;;;Xsocket error
1;1;;;;;;Xsocket error
1;1;;;;;;Xsocket error
1;1;;;;;;Xsocket error
1;1;;;;;;Xsocket error
1;1;;;;;;Xsocket error
1;1;;;;;;Xsocket error
1;1;;;;;;Xsocket error
1;1;;;;;;Xsocket error
1;1;;;;;;Xsocket error
1;1;;;;;;Xsocket error
1;1;;;;;;Xsocket error
1;1;;;;;;Xsocket error
1;1;;;;;;Xsocket error
1;1;;;;;;Xsocket error
1;1;;;;;;Xsocket error
1;1;;;;;;Xsocket error
1;1;;;;;;Xsocket error
1;1;;;;;;Xsocket error
1;1;;;;;;Xsocket error
1;1;;;;;;Xsocket error
1;1;;;;;;Xsocket error
1;1;;;;;;Xsocket error
1;1;;;;;;Xsocket error
1;1;;;;;;Xsocket error
1;1;;;;;;Xsocket error
1;1;;;;;;Xsocket error
1;1;;;;;;Xsocket error
1;1;;;;;;Xsocket error
1;1;;;;;;Xsocket error
1;1;;;;;;Xsocket error
1;1;;;;;;Xsocket error
1;1;;;;;;Xsocket error
1;1;;;;;;Xsocket error
1;1;;;;;;Xsocket error
1;1;;;;;;Xsocket error
1;1;;;;;;Xsocket error
1;1;;;;;;Xsocket error
1;1;;;;;;Xsocket error
1;1;;;;;;Xsocket error
1;1;;;;;;Xsocket error
